Nader-Waelchi,Gail Trantow,Presenter
Streich LLC,Lolita Pollich,Participant
"Keebler, Bogisich and Erdman",Gabe Parker,Presenter
"Fahey, Tremblay and Pfeffer",Domingo Friesen,Organizer
Williamson-Kozey,Dorthy Roberts,Organizer
"Spencer, Cormier and Heidenreich",Precious O'Reilly,Organizer
Haag-Upton,Precious O'Reilly,Participant
Kautzer-Kuphal,Jeffery Satterfield,Presenter
"Jones, Grimes and Herman",Shanon O'Connell,Organizer
"Konopelski, Walter and Ernser",Briana Koelpin,Participant
"Crooks, Rolfson and Frami",Luella Legros,Presenter
"Crooks, Rolfson and Frami",Haylie Herman,Organizer
"Fahey, Tremblay and Pfeffer",Estefania Stehr,Presenter
Kautzer-Kuphal,Jaren Toy,Participant
Hoppe LLC,Arjun Ullrich,Participant
"Keebler, Bogisich and Erdman",Mackenzie Borer,Organizer
Predovic-Weissnat,Estefania Stehr,Presenter
Predovic-Weissnat,Keon Hintz,Participant
Kautzer-Kuphal,Fern Fahey,Participant
Haag-Upton,Kristoffer Haag,Presenter
"Crooks, Rolfson and Frami",Annabel Parker,Participant
Kautzer-Kuphal,Hollis Gibson,Presenter
Haag-Upton,Esta Leannon,Presenter
Kautzer-Kuphal,Kian Stanton,Participant
Kihn-Cole,Kris Kerluke,Presenter
Haag-Upton,Kristoffer Haag,Participant
"Okuneva, Leuschke and Schaden",Mac Hagenes,Participant
Wyman-Kuhn,Hollis Gibson,Presenter
Abernathy Inc,Gerhard Hessel,Participant
Hoppe LLC,Kian Stanton,Presenter
Kautzer-Kuphal,Janae Cruickshank,Participant
Predovic-Weissnat,Gerhard Hessel,Presenter
"Okuneva, Leuschke and Schaden",Evans Blick,Presenter
Kautzer-Kuphal,Madeline Johns,Presenter
Streich LLC,Haylie Herman,Organizer
Streich LLC,Sigurd Nolan,Organizer
Nader-Waelchi,Elza Kautzer,Organizer
Kihn-Cole,Wanda Gorczany,Presenter
Predovic-Weissnat,Justice Fahey,Presenter
Hoppe LLC,Eliezer Koepp,Presenter
Kihn-Cole,Jennings Gulgowski,Presenter
"Crooks, Rolfson and Frami",Liana Jones,Presenter
Predovic-Weissnat,Mac Hagenes,Presenter
Hoppe LLC,Joseph Wolff,Organizer
Sauer and Sons,Waino Lubowitz,Presenter
Schmidt Group,Thea Kessler,Organizer
"Keebler, Bogisich and Erdman",Cade Dibbert,Presenter
"Okuneva, Leuschke and Schaden",Eliezer Koepp,Organizer
Abernathy Inc,Armando Kilback,Organizer
"Crooks, Rolfson and Frami",Justice Fahey,Organizer
"Fahey, Tremblay and Pfeffer",Joanne Dach,Organizer
"Kreiger, Pouros and Collins",Justice Fahey,Participant
Williamson-Kozey,Armando Kilback,Organizer
Wyman-Kuhn,Gail Trantow,Presenter
"Fahey, Tremblay and Pfeffer",Lucie Gibson,Presenter
"Keebler, Bogisich and Erdman",Naomi Wolf,Organizer
"Keebler, Bogisich and Erdman",Haylie Herman,Organizer
Predovic-Weissnat,Lambert Monahan,Presenter
Wyman-Kuhn,Dorthy Roberts,Presenter
Streich LLC,Gerhard Hessel,Organizer
"Okuneva, Leuschke and Schaden",Gabe Parker,Organizer
Streich LLC,Elias Rosenbaum,Presenter
"Konopelski, Walter and Ernser",Price Weimann,Presenter
Williamson-Kozey,Gina Wisozk,Participant
Hoppe LLC,Amya Trantow,Organizer
Predovic-Weissnat,Alene Hermann,Organizer
Wyman-Kuhn,Kris Lueilwitz,Organizer
Nader-Waelchi,Evans Blick,Participant
"Kreiger, Pouros and Collins",Thea Kessler,Participant
Haag-Upton,Joanne Dach,Participant
"Spencer, Cormier and Heidenreich",Alene Hermann,Participant
Nader-Waelchi,Darian Padberg,Participant
"Konopelski, Walter and Ernser",Candida Schaden,Presenter
Kihn-Cole,Ines Williamson,Presenter
"Okuneva, Leuschke and Schaden",Morton Cartwright,Participant
"Konopelski, Walter and Ernser",Jaren Toy,Presenter
Williamson-Kozey,Darian Padberg,Participant
Predovic-Weissnat,Jaydon Zboncak,Organizer
Kautzer-Kuphal,Gerhard Hessel,Organizer
Wyman-Kuhn,Ramiro Lehner,Participant
"Crooks, Rolfson and Frami",Lucie Gibson,Organizer
"Konopelski, Walter and Ernser",Hillard Howe,Presenter
Kihn-Cole,Caterina Schinner,Participant
"Fahey, Tremblay and Pfeffer",Hermina Eichmann,Participant
"Crooks, Rolfson and Frami",Rollin Labadie,Presenter
Abernathy Inc,Mireya Hegmann,Participant
Wyman-Kuhn,Pink Koepp,Participant
Williamson-Kozey,Candida Schaden,Presenter
"Fahey, Tremblay and Pfeffer",Cade Dibbert,Presenter
Schmidt Group,Bartholome Green,Organizer
Williamson-Kozey,Luella Legros,Participant
Schmidt Group,Jena Beer,Presenter
"Spencer, Cormier and Heidenreich",Dee Huels,Presenter
Predovic-Weissnat,Marianna Pacocha,Participant
Streich LLC,Gail Trantow,Organizer
"Fahey, Tremblay and Pfeffer",Dulce Marks,Organizer
Sauer and Sons,Arjun Ullrich,Participant
"Okuneva, Leuschke and Schaden",Amya Trantow,Organizer
Wyman-Kuhn,Hillard Howe,Organizer
"Spencer, Cormier and Heidenreich",Liana Jones,Presenter